Date,Confirmed,Deaths,Recovered,Active,New Confirmed,New deaths,New recovered,Recovery rate(per 100),Mortality rate(per 100),Number of countries
2020-01-22,557,17,30,510,0,0,0,5.39,3.05,6
2020-01-23,655,18,32,605,98,1,2,4.89,2.75,8
2020-01-24,941,26,39,876,286,8,7,4.14,2.76,9
2020-01-25,1433,42,42,1349,492,16,3,2.93,2.93,11
2020-01-26,2118,56,56,2006,685,14,14,2.64,2.64,13
2020-01-27,2927,82,65,2780,809,26,9,2.22,2.8,16
2020-01-28,5578,131,108,5339,2651,49,43,1.94,2.35,16
2020-01-29,6167,133,126,5908,589,2,18,2.04,2.16,18
2020-01-30,8235,171,143,7921,2068,38,17,1.74,2.08,20
2020-01-31,9927,213,222,9492,1692,42,79,2.24,2.15,23
2020-02-01,12038,259,284,11495,2111,46,62,2.36,2.15,25
2020-02-02,16787,362,463,15962,4749,103,179,2.76,2.16,25
2020-02-03,19887,426,608,18853,3100,64,145,3.06,2.14,25
2020-02-04,23898,492,826,22580,4011,66,218,3.46,2.06,26
2020-02-05,27643,564,1076,26003,3745,72,250,3.89,2.04,26
2020-02-06,30803,634,1423,28746,3160,70,347,4.62,2.06,26
2020-02-07,34396,719,1908,31769,3593,85,485,5.55,2.09,27
2020-02-08,37130,806,2470,33854,2734,87,562,6.65,2.17,27
2020-02-09,40160,906,3058,36196,3030,100,588,7.61,2.26,27
2020-02-10,42769,1013,3715,38041,2609,107,657,8.69,2.37,27
2020-02-11,44811,1113,4418,39280,2042,100,703,9.86,2.48,27
2020-02-12,45229,1118,4850,39261,418,5,432,10.72,2.47,27
2020-02-13,60382,1371,5929,53082,15153,253,1079,9.82,2.27,27
2020-02-14,66909,1523,7612,57774,6527,152,1683,11.38,2.28,28
2020-02-15,69052,1666,8903,58483,2143,143,1291,12.89,2.41,28
2020-02-16,71235,1770,10320,59145,2183,104,1417,14.49,2.48,28
2020-02-17,73270,1868,11951,59451,2035,98,1631,16.31,2.55,28
2020-02-18,75152,2008,13693,59451,1882,140,1742,18.22,2.67,28
2020-02-19,75652,2123,15395,58134,500,115,1702,20.35,2.81,29
2020-02-20,76212,2248,17372,56592,560,125,1977,22.79,2.95,29
2020-02-21,76841,2252,17969,56620,629,4,597,23.38,2.93,31
2020-02-22,78602,2459,21853,54290,1761,207,3884,27.8,3.13,31
2020-02-23,78982,2470,22304,54208,380,11,451,28.24,3.13,32
2020-02-24,79546,2630,24047,52869,564,160,1743,30.23,3.31,37
2020-02-25,80399,2710,26652,51037,853,80,2605,33.15,3.37,42
2020-02-26,81376,2771,29089,49516,977,61,2437,35.75,3.41,48
2020-02-27,82736,2814,31930,47992,1360,43,2841,38.59,3.4,52
2020-02-28,84122,2873,35315,45934,1386,59,3385,41.98,3.42,57
2020-02-29,86013,2942,38323,44748,1891,69,3008,44.55,3.42,62
2020-03-01,88394,2996,41219,44179,2381,54,2896,46.63,3.39,67
2020-03-02,90377,3085,44094,43198,1983,89,2875,48.79,3.41,74
2020-03-03,92971,3160,46690,43121,2594,75,2596,50.22,3.4,77
2020-03-04,95279,3255,49628,42396,2308,95,2938,52.09,3.42,81
2020-03-05,98090,3349,52246,42495,2811,94,2618,53.26,3.41,85
2020-03-06,102003,3460,54308,44235,3913,111,2062,53.24,3.39,94
2020-03-07,106098,3564,56798,45736,4095,104,2490,53.53,3.36,95
2020-03-08,110047,3803,59132,47112,3949,239,2334,53.73,3.46,100
2020-03-09,114219,3993,60931,49295,4172,190,1799,53.35,3.5,103
2020-03-10,119041,4267,62838,51936,4822,274,1907,52.79,3.58,106
2020-03-11,126702,4611,65434,56657,7689,344,2596,51.64,3.64,112
2020-03-12,132492,4917,66756,60819,5790,306,1322,50.38,3.71,114
2020-03-13,146876,5414,68681,72781,14384,497,1925,46.76,3.69,120
2020-03-14,157950,5834,71052,81064,11074,420,2371,44.98,3.69,135
2020-03-15,169219,6475,74463,88281,11269,641,3411,44.0,3.83,139
2020-03-16,184027,7153,76517,100357,14808,678,2054,41.58,3.89,145
2020-03-17,199970,7967,79261,112742,15943,814,2744,39.64,3.98,148
2020-03-18,219535,8874,81748,128913,19565,907,2487,37.24,4.04,152
2020-03-19,246584,9985,83389,153210,27049,1111,1641,33.82,4.05,156
2020-03-20,277359,11470,85834,180055,30775,1485,2445,30.95,4.14,163
2020-03-21,309350,13192,90080,206078,31991,1722,4246,29.12,4.26,165
2020-03-22,344205,14877,96297,233031,34855,1685,6217,27.98,4.32,170
2020-03-23,387040,16826,96765,273449,42835,1949,468,25.0,4.35,171
2020-03-24,428219,19116,106304,302799,41194,2290,9539,24.82,4.46,173
2020-03-25,479220,21926,112010,345284,51001,2810,5706,23.37,4.58,176
2020-03-26,542097,24962,120381,396754,62877,3036,8371,22.21,4.6,176
2020-03-27,607138,28450,129094,449594,65041,3488,8713,21.26,4.69,177
2020-03-28,674418,32180,137394,504844,67280,3730,8300,20.37,4.77,178
2020-03-29,733655,35699,146850,551106,59237,3519,9456,20.02,4.87,178
2020-03-30,798949,39780,162187,596982,65294,4081,15337,20.3,4.98,179
2020-03-31,875794,44528,174651,656615,76845,4748,12464,19.94,5.08,181
2020-04-01,958586,50527,190191,717868,82792,5999,15540,19.84,5.27,181
2020-04-02,1041649,56414,206923,778312,83063,5887,16732,19.86,5.42,182
2020-04-03,1125200,62574,221905,840721,83551,6160,14982,19.72,5.56,182
2020-04-04,1183589,68490,241912,873187,75463,5916,20007,20.44,5.79,182
2020-04-05,1256181,73676,255313,927192,72592,5186,13401,20.32,5.87,183
2020-04-06,1329324,79614,271777,977933,73143,5938,16464,20.44,5.99,184
2020-04-07,1399153,87875,294501,1016777,73320,8261,22724,21.05,6.28,184
2020-04-08,1482508,94681,323019,1064808,83355,6806,28518,21.79,6.39,184
2020-04-09,1569527,102464,347264,1119799,87019,7783,24245,22.13,6.53,184
2020-04-10,1655062,109842,368307,1176913,85535,7378,21043,22.25,6.64,185
2020-04-11,1729373,116015,393822,1219536,74311,6173,25515,22.77,6.71,185
2020-04-12,1849067,121873,412670,1314524,119715,5858,18848,22.32,6.59,185
2020-04-13,1919799,127843,439292,1352664,70732,5970,26622,22.88,6.66,185
2020-04-14,2003766,134812,463912,1405042,83967,6969,24620,23.15,6.73,185
2020-04-15,2080914,143278,499695,1437941,77148,8466,35783,24.01,6.89,185
2020-04-16,2176465,150537,529845,1496083,95551,7259,30150,24.34,6.92,185
2020-04-17,2264462,158930,555181,1550351,87997,8393,25336,24.52,7.02,185
2020-04-18,2341702,165082,578626,1597994,77241,6152,23445,24.71,7.05,185
2020-04-19,2418307,170314,609522,1638471,76605,5232,30896,25.2,7.04,185
2020-04-20,2494325,176188,631003,1687134,76018,5874,21481,25.3,7.06,185
2020-04-21,2570074,183463,665159,1721452,75749,7275,34156,25.88,7.14,185
2020-04-22,2651321,190319,693978,1767024,81247,6856,28819,26.17,7.18,185
2020-04-23,2735570,197152,722400,1816018,85959,6833,28422,26.41,7.21,185
2020-04-24,2819666,203920,772036,1843710,94130,6768,49636,27.38,7.23,185
2020-04-25,2901924,209547,798922,1893455,82258,5627,26886,27.53,7.22,185
2020-04-26,2973512,213526,826861,1933125,71589,3979,27939,27.81,7.18,185
2020-04-27,3043704,218271,853355,1972078,70192,4745,26494,28.04,7.17,185
2020-04-28,3119244,224852,885598,2008794,75540,6581,32243,28.39,7.21,185
2020-04-29,3196354,231572,926579,2038203,78567,6720,40981,28.99,7.24,185
2020-04-30,3279849,237415,990588,2051846,83495,5843,64009,30.2,7.24,187
2020-05-01,3368225,242562,1027399,2098264,88376,5147,36811,30.5,7.2,187
2020-05-02,3447425,248058,1066994,2132373,79367,5496,39595,30.95,7.2,187
2020-05-03,3523798,251567,1098419,2173812,76373,3509,31425,31.17,7.14,187
2020-05-04,3601487,255778,1131390,2214319,77690,4211,32971,31.41,7.1,187
2020-05-05,3681989,261605,1166887,2253497,80502,5827,35497,31.69,7.1,187
2020-05-06,3772016,268107,1211826,2292083,90027,6502,44939,32.13,7.11,187
2020-05-07,3860723,273413,1250271,2337039,90290,5306,38445,32.38,7.08,187
2020-05-08,3951001,278963,1285700,2386338,91758,5550,35429,32.54,7.06,187
2020-05-09,4036224,283187,1338110,2414927,85223,4224,52410,33.15,7.02,187
2020-05-10,4111200,286744,1371072,2453384,74985,3557,32962,33.35,6.97,187
2020-05-11,4187831,290231,1417059,2480541,76688,3487,45987,33.84,6.93,187
2020-05-12,4272321,295716,1453053,2523552,84510,5485,35994,34.01,6.92,187
2020-05-13,4357301,300859,1507803,2548639,84980,5143,54750,34.6,6.9,188
2020-05-14,4453532,306019,1546586,2600927,96232,5160,38783,34.73,6.87,188
2020-05-15,4549264,311242,1593868,2644154,95732,5223,47282,35.04,6.84,188
2020-05-16,4643703,315419,1649354,2678930,94439,4177,55486,35.52,6.79,188
2020-05-17,4721725,318603,1689629,2713493,78022,3184,40275,35.78,6.75,188
2020-05-18,4810892,322366,1741857,2746669,89167,3763,52228,36.21,6.7,188
2020-05-19,4907667,327014,1793091,2787562,96984,4648,51234,36.54,6.66,188
2020-05-20,5009545,331792,1851333,2826420,101878,4778,58242,36.96,6.62,188
2020-05-21,5116189,336454,1901615,2878120,106748,4662,50282,37.17,6.58,188
2020-05-22,5222610,341701,2009284,2871625,106421,5247,107669,38.47,6.54,188
2020-05-23,5327415,345624,2063408,2918383,104805,3923,54124,38.73,6.49,188
2020-05-24,5421626,348638,2118248,2954740,94650,3014,54840,39.07,6.43,188
2020-05-25,5508342,349850,2181304,2977188,87088,1212,63056,39.6,6.35,188
2020-05-26,5602309,354090,2235755,3012464,93967,4240,54451,39.91,6.32,188
2020-05-27,5705071,359145,2298184,3047742,102762,5055,62429,40.28,6.3,188
2020-05-28,5824354,363703,2364323,3096328,119283,4558,66139,40.59,6.24,188
2020-05-29,5945256,368310,2440642,3136304,120902,4607,76319,41.05,6.2,188
2020-05-30,6081771,372334,2510474,3198963,136515,4024,69832,41.28,6.12,188
2020-05-31,6188179,375024,2586158,3226997,106408,2690,75684,41.79,6.06,188
2020-06-01,6284173,378097,2640199,3265877,95994,3073,54041,42.01,6.02,188
2020-06-02,6406138,382774,2743672,3279692,122612,4677,103473,42.83,5.98,188
2020-06-03,6520376,388207,2821968,3310201,117465,5433,78296,43.28,5.95,188
2020-06-04,6651330,393239,2891355,3366736,130954,5032,69387,43.47,5.91,188
2020-06-05,6782553,397820,2959625,3425108,131223,4581,68270,43.64,5.87,188
2020-06-06,6916290,401590,3030804,3483896,133737,3770,71179,43.82,5.81,188
2020-06-07,7028653,404327,3085324,3539002,112363,2737,54520,43.9,5.75,188
2020-06-08,7131150,408029,3236259,3486862,102497,3702,150935,45.38,5.72,188
2020-06-09,7256208,412803,3317750,3525655,125058,4774,81491,45.72,5.69,188
2020-06-10,7391313,417843,3395815,3577655,135105,5040,78065,45.94,5.65,188
2020-06-11,7529332,422483,3480772,3626077,138019,4640,84957,46.23,5.61,188
2020-06-12,7658096,426692,3559588,3671816,128764,4209,78816,46.48,5.57,188
2020-06-13,7793385,430806,3644654,3717925,135289,4114,85066,46.77,5.53,188
2020-06-14,7925669,434203,3714653,3776813,132284,3397,69999,46.87,5.48,188
2020-06-15,8045327,437617,3794120,3813590,119658,3414,79467,47.16,5.44,188
2020-06-16,8187411,444327,3891547,3851537,142084,6710,97427,47.53,5.43,188
2020-06-17,8331151,449473,4008997,3872681,143740,5146,117450,48.12,5.4,188
2020-06-18,8472210,454384,4089643,3928183,141059,4911,80646,48.27,5.36,188
2020-06-19,8652123,460449,4184095,4007579,180061,6065,94452,48.36,5.32,188
2020-06-20,8809570,464561,4299436,4045573,157447,4112,115341,48.8,5.27,188
2020-06-21,8937270,468572,4367695,4101003,127700,4011,68259,48.87,5.24,188
2020-06-22,9076626,472135,4458855,4145636,139356,3563,91160,49.12,5.2,188
2020-06-23,9243423,477352,4562460,4203611,166797,5217,103605,49.36,5.16,188
2020-06-24,9415999,482538,4677799,4255662,172576,5186,115339,49.68,5.12,188
2020-06-25,9594378,487223,4770343,4336812,178379,4685,92544,49.72,5.08,188
2020-06-26,9785963,491968,4876000,4417995,191585,4745,105657,49.83,5.03,188
2020-06-27,9964089,496430,4982016,4485643,178126,4462,106016,50.0,4.98,188
2020-06-28,10127955,499597,5070970,4557388,164272,3167,88954,50.07,4.93,188
2020-06-29,10283298,503273,5164530,4615495,155343,3676,93560,50.22,4.89,188
2020-06-30,10457836,508162,5281442,4668232,174538,4889,116912,50.5,4.86,188
2020-07-01,10675433,513108,5397058,4765267,217597,4946,115616,50.56,4.81,188
2020-07-02,10885376,518186,5681513,4685677,209943,5078,284455,52.19,4.76,188
2020-07-03,11086757,523110,5791029,4772618,201382,4924,109516,52.23,4.72,188
2020-07-04,11280564,527504,5986506,4766554,193807,4394,195477,53.07,4.68,188
2020-07-05,11464568,530992,6105601,4827975,184004,3488,119095,53.26,4.63,188
2020-07-06,11628530,534837,6228910,4864783,163962,3845,123309,53.57,4.6,188
2020-07-07,11839880,540805,6373663,4925412,211350,5968,144753,53.83,4.57,188
2020-07-08,12054030,546096,6531273,4976661,214150,5291,157610,54.18,4.53,188
2020-07-09,12280848,551495,6665598,5063755,226818,5399,134325,54.28,4.49,188
2020-07-10,12513506,556783,6804669,5152054,232658,5288,139071,54.38,4.45,188
2020-07-11,12729970,561600,6930038,5238332,216464,4817,125369,54.44,4.41,188
2020-07-12,12922256,565587,7041689,5314980,192286,3987,111651,54.49,4.38,188
2020-07-13,13113693,569497,7181570,5362626,191437,3910,139881,54.76,4.34,188
2020-07-14,13335857,575095,7323483,5437279,222164,5598,141913,54.92,4.31,188
2020-07-15,13567312,580538,7482931,5503843,231460,5443,159448,55.15,4.28,188
2020-07-16,13818613,586309,7635050,5597254,251304,5771,152119,55.25,4.24,188
2020-07-17,14061343,592977,7794597,5673769,242730,6668,159547,55.43,4.22,188
2020-07-18,14297523,598586,7945217,5753720,236180,5609,150620,55.57,4.19,188
2020-07-19,14510952,602652,8033083,5875217,213429,4066,87866,55.36,4.15,188
2020-07-20,14718060,606862,8191757,5919441,207108,4210,158674,55.66,4.12,188
2020-07-21,14951708,613034,8366172,5972502,233758,6172,174415,55.95,4.1,188
2020-07-22,15231573,619979,8545629,6065965,279867,6945,179457,56.1,4.07,188
2020-07-23,15514415,629883,8721409,6163123,282842,9904,175780,56.21,4.06,188
2020-07-24,15795467,635906,8949128,6210433,281052,6023,227719,56.66,4.03,188
2020-07-25,16049505,641457,9168661,6239387,254038,5551,219533,57.13,4.0,188
2020-07-26,16262613,645172,9311698,6305743,213108,3715,143037,57.26,3.97,188
2020-07-27,16489030,650349,9482590,6356091,226421,5177,170892,57.51,3.94,188
2020-07-28,16741807,656625,9652793,6432389,252777,6276,170203,57.66,3.92,188
2020-07-29,17033495,663245,9855050,6515200,291688,6620,202257,57.86,3.89,188
2020-07-30,17313556,669290,10068195,6576071,280061,6045,213145,58.15,3.87,188
2020-07-31,17604278,675456,10267228,6661594,290722,6166,199033,58.32,3.84,188
2020-08-01,17852606,680912,10447969,6723725,248328,5456,180741,58.52,3.81,188
2020-08-02,18083600,685230,10586536,6811834,230994,4318,138567,58.54,3.79,188
2020-08-03,18290067,689914,10808864,6791289,206468,4684,222328,59.1,3.77,188
2020-08-04,18547980,696500,11031643,6819837,257913,6586,222779,59.48,3.76,188
2020-08-05,18824546,703509,11252993,6868044,276566,7009,221350,59.78,3.74,188
2020-08-06,19109725,709994,11441467,6958264,285179,6485,188474,59.87,3.72,188
2020-08-07,19391936,716275,11633031,7042630,282211,6281,191564,59.99,3.69,188
2020-08-08,19650446,721685,11833123,7095638,258510,5410,200092,60.22,3.67,188
2020-08-09,19875123,726294,12011713,7137116,224679,4609,178590,60.44,3.65,188
2020-08-10,20101148,731599,12173256,7196293,226025,5305,161543,60.56,3.64,188
2020-08-11,20358672,737798,12477838,7143036,257525,6199,304582,61.29,3.62,188
2020-08-12,20635253,744370,12718078,7172805,276581,6572,240240,61.63,3.61,188
2020-08-13,20924432,750579,12881489,7292364,289195,6209,163411,61.56,3.59,188
2020-08-14,21228162,760721,13164266,7303175,303730,10142,282777,62.01,3.58,188
2020-08-15,21475851,766081,13332528,7377242,247689,5360,168262,62.08,3.57,188
2020-08-16,21690318,770337,13565177,7354804,214509,4256,232649,62.54,3.55,188
2020-08-17,21898028,774516,13775917,7347595,207710,4179,210740,62.91,3.54,188
2020-08-18,22156248,781369,14002804,7372075,258220,6853,226887,63.2,3.53,188
2020-08-19,22435826,788057,14220267,7427502,279578,6688,217463,63.38,3.51,188
2020-08-20,22708128,794119,14427701,7486308,272302,6062,207434,63.54,3.5,188
2020-08-21,22969210,799549,14595584,7574077,261082,5430,167883,63.54,3.48,188
2020-08-22,23233461,805113,14805178,7623170,264251,5564,209594,63.72,3.47,188
2020-08-23,23439639,809018,15021450,7609171,206178,3905,216272,64.09,3.45,188
2020-08-24,23664985,813525,15220086,7631374,225446,4507,198636,64.31,3.44,188
2020-08-25,23908742,819801,15451113,7637828,243757,6276,231027,64.63,3.43,188
2020-08-26,24192659,826045,15676301,7690313,283917,6244,225188,64.8,3.41,188
2020-08-27,24476359,831924,15883088,7761347,283717,5879,206787,64.89,3.4,188
2020-08-28,24760091,837434,16081685,7840972,285080,5510,198597,64.95,3.38,188
2020-08-29,25023829,842755,16292795,7888279,263738,5321,211110,65.11,3.37,188
2020-08-30,25244809,846811,16502832,7895166,220980,4056,210037,65.37,3.35,188
2020-08-31,25507787,850988,16702974,7953825,262978,4177,200142,65.48,3.34,188
2020-09-01,25772515,857403,16960507,7954605,264728,6415,257533,65.81,3.33,188
2020-09-02,26055945,863493,17179294,8013158,283442,6090,218787,65.93,3.31,188
2020-09-03,26337239,869172,17400032,8068035,281294,5679,220738,66.07,3.3,188
2020-09-04,26651277,875033,17612890,8163354,314038,5861,212858,66.09,3.28,188
2020-09-05,26921162,879993,17813580,8227589,269904,4960,200690,66.17,3.27,188
2020-09-06,27151757,883812,18025096,8242849,230595,3819,211516,66.39,3.26,188
2020-09-07,27369540,893186,18222353,8254001,225736,9374,197257,66.58,3.26,188
2020-09-08,27611781,898102,18423082,8290597,242241,4916,200729,66.72,3.25,188
2020-09-09,27896300,904197,18662912,8329191,284519,6095,239830,66.9,3.24,188
2020-09-10,28196223,909986,18878403,8407834,299923,5789,215491,66.95,3.23,188
2020-09-11,28517464,915835,19101327,8500302,321241,5849,222924,66.98,3.21,188
2020-09-12,28804057,920737,19323833,8559487,286593,4902,222506,67.09,3.2,188
2020-09-13,29046691,924442,19511288,8610961,242634,3705,187455,67.17,3.18,188
2020-09-14,29310392,928888,19738852,8642652,263701,4446,227564,67.34,3.17,188
2020-09-15,29595774,935314,19964312,8696148,285382,6426,225460,67.46,3.16,188
2020-09-16,29900126,941082,20193050,8765994,304352,5768,228738,67.53,3.15,188
2020-09-17,30215065,946555,20412549,8855961,314939,5473,219499,67.56,3.13,188
2020-09-18,30540848,952235,20662904,8925709,325783,5680,250355,67.66,3.12,188
2020-09-19,30832930,957504,20899427,8975999,292082,5269,236523,67.78,3.11,188
2020-09-20,31084929,961246,21135880,8987803,251999,3742,236453,67.99,3.09,188
2020-09-21,31360957,965349,21380131,9015477,276028,4103,244251,68.17,3.08,188
2020-09-22,31645271,971318,21597972,9075981,284314,5969,217841,-67.47,3.07,188
2020-09-23,31921062,976927,21860124,9084011,275791,5609,262152,-66.07,3.06,188
2020-09-24,32274050,983591,22114845,9175614,352988,6664,254721,-64.56,3.05,188
2020-09-25,32604821,989478,22352814,9262529,330771,5887,237969,-63.17,3.03,188
2020-09-26,32893137,994831,22614273,9284033,288316,5353,261459,-61.82,3.02,188
2020-09-27,33144843,998519,22827148,9319176,251706,3688,212875,-60.71,3.01,188
2020-09-28,33399591,1002494,23048302,9348795,254748,3975,221154,-59.59,3.0,188
2020-09-29,33682028,1008423,23287988,9385617,282437,5929,239686,-58.37,2.99,188
2020-09-30,34008138,1014865,23534748,9458525,326110,6442,246760,-57.09,2.98,188
2020-10-01,34326374,1023573,23754568,9548233,318236,8708,219820,-55.92,2.98,188
2020-10-02,34624004,1028504,23925549,9669951,297630,4931,170981,-54.94,2.97,188
2020-10-03,34956166,1033865,24180102,9742199,332162,5361,254553,-53.69,2.96,188
2020-10-04,35217590,1037706,24400342,9779542,261424,3841,220240,-52.67,2.95,188
2020-10-05,35518587,1044653,24635393,9838541,300997,6947,235051,-51.56,2.94,188
2020-10-06,35844897,1050432,24865974,9928491,326310,5779,230581,-50.45,2.93,188
2020-10-07,36195772,1056261,25119311,10020200,350875,5829,253337,-49.26,2.92,188
2020-10-08,36557008,1062543,25336826,10157639,361236,6282,217515,-48.18,2.91,188
2020-10-09,36917789,1068692,25540979,10308118,360781,6149,204153,-47.16,2.89,188
2020-10-10,37274759,1073570,25734505,10466684,356970,4878,193526,-46.18,2.88,188
2020-10-11,37561727,1077600,25954941,10529186,286968,4030,220436,-45.24,2.87,188
2020-10-12,37853374,1081584,26153774,10618016,291647,3984,198833,-44.37,2.86,189
2020-10-13,38172631,1086868,26342572,10743191,319257,5284,188798,-43.51,2.85,189
2020-10-14,38554820,1092934,26552836,10909050,382189,6066,210264,-42.53,2.83,189
2020-10-15,38961691,1099059,26757858,11104774,406871,6125,205022,-41.56,2.82,189
2020-10-16,39373359,1105239,26958634,11309486,411668,6180,200776,-40.61,2.81,189
2020-10-17,39745936,1110843,27156738,11478355,372584,5604,198104,-39.73,2.79,189
2020-10-18,40062466,1114382,27354667,11593417,316530,3539,197929,-38.93,2.78,189
2020-10-19,40449479,1119216,27554183,11776080,387013,4834,199516,-38.06,2.77,189
2020-10-20,40838493,1125771,27763320,11949402,389014,6555,209137,-37.19,2.76,189
2020-10-21,41283273,1132430,27977459,12173384,444780,6659,214139,-36.27,2.74,189
2020-10-22,41755903,1138340,28202270,12415293,472630,5910,224811,-35.32,2.73,189
2020-10-23,42252474,1145304,28401632,12705538,496571,6964,199362,-34.43,2.71,189
2020-10-24,42709233,1151121,28611825,12946287,456759,5817,210193,-33.57,2.7,189
2020-10-25,43069599,1155329,28806823,13107447,360366,4208,194998,-32.84,2.68,189
2020-10-26,43556089,1160846,29043016,13352227,486490,5517,236193,-31.93,2.67,189
2020-10-27,44025897,1168215,29630409,13227273,469808,7369,587393,-30.25,2.65,189
2020-10-28,44537381,1175378,29893455,13468548,511484,7163,263046,-29.32,2.64,190
2020-10-29,45087882,1182461,30137570,13767851,550501,7083,244115,-28.42,2.62,190
2020-10-30,45658489,1190067,30390039,14078383,570607,7606,252469,-27.51,2.61,190
2020-10-31,46135032,1196643,30632312,14306077,476543,6576,242273,-26.7,2.59,190
2020-11-01,46597718,1201651,30888396,14507671,462686,5008,256084,-25.88,2.58,190
2020-11-02,47160439,1207756,31166132,14786551,562721,6105,277736,-24.99,2.56,190
2020-11-03,47713798,1217101,31413847,15082850,553359,9345,247715,-24.18,2.55,190
2020-11-04,48224961,1227358,31690711,15306892,557239,10257,276864,-23.35,2.55,190
2020-11-05,48821827,1235365,31992506,15593956,596867,8007,301795,-22.44,2.53,190
2020-11-06,49466428,1245019,32276698,15944711,644601,9654,284192,-21.58,2.52,190
2020-11-07,50063072,1252615,32573462,16236995,596644,7596,296764,-20.73,2.5,190
2020-11-08,50546871,1258489,32824682,16463700,483799,5874,251220,-20.03,2.49,190
2020-11-09,51048104,1265712,33078154,16704238,501233,7223,253472,-19.34,2.48,190
2020-11-10,51607037,1275705,33332222,16999110,558933,9993,254068,-18.64,2.47,191
2020-11-11,52255204,1286156,33710270,17258778,648167,10451,378048,-17.68,2.46,191
2020-11-12,52905000,1295921,33932677,17676402,649796,9765,222407,-17.04,2.45,191
2020-11-13,53556847,1305509,34230678,18020660,651847,9588,298001,-16.28,2.44,191
2020-11-14,54151573,1314590,34505707,18331276,594726,9081,275029,-15.59,2.43,191
2020-11-15,54625261,1321012,34732854,18571395,473688,6422,227147,-15.04,2.42,191
2020-11-16,55159431,1328966,35119179,18711286,534170,7954,386325,-14.2,2.41,191
2020-11-17,55770003,1340035,35548504,18881464,610572,11069,429325,-13.27,2.4,191
2020-11-18,56396925,1351466,35907224,19138235,626922,11431,358720,-12.49,2.4,192
2020-11-19,57050102,1362485,36277151,19410466,653177,11019,369927,-11.7,2.39,192
2020-11-20,57718479,1374363,36627865,19716251,668377,11878,350714,-10.95,2.38,192
2020-11-21,58305723,1383331,36963166,19959226,587244,8968,335301,-10.27,2.37,192
2020-11-22,58793713,1390525,37233265,20169923,487992,7194,270099,-9.72,2.37,192
2020-11-23,59318419,1399047,37639163,20280209,524716,8522,405898,-8.95,2.36,192
2020-11-24,59908426,1411707,38007229,20489490,590007,12660,368066,-8.25,2.36,192
2020-11-25,60543865,1423834,38440838,20679193,635439,12127,433609,-7.45,2.35,192
2020-11-26,61125989,1434723,38803805,20887461,582124,10889,362967,-6.78,2.35,192
2020-11-27,61813227,1446110,39179712,21187405,687238,11387,375907,-6.1,2.34,192
2020-11-28,62398810,1455390,39535063,21408357,585583,9280,355351,-5.47,2.33,192
2020-11-29,62887073,1462550,39849670,21574853,488263,7160,314607,-4.93,2.33,192
2020-11-30,63395077,1471430,40246313,21677334,508004,8880,396643,-4.26,2.32,192
2020-12-01,64006923,1484115,40717441,21805367,611846,12685,471128,-3.49,2.32,192
2020-12-02,64657540,1496707,41175094,21985739,650617,12592,457653,-2.74,2.31,192
2020-12-03,65350863,1509276,41597280,22244307,693323,12569,422186,-2.07,2.31,192
2020-12-04,66033955,1521775,42082152,22430028,683092,12499,484872,-1.31,2.3,192
2020-12-05,66675580,1532055,42512974,22630551,641625,10280,430822,-0.65,2.3,192
2020-12-06,67214372,1539486,42824181,22850705,538792,7431,311207,-0.19,2.29,192
2020-12-07,67733794,1548207,43227591,22957996,519422,8721,403410,0.41,2.29,192
2020-12-08,68376697,1560493,43662700,23153504,642903,12286,435109,1.04,2.28,192
2020-12-09,69045713,1573207,44083106,23389400,669016,12714,420406,1.64,2.28,192
2020-12-10,70542873,1585899,44568622,24388352,1497160,12692,485516,2.29,2.25,192
2020-12-11,71245705,1598924,45039798,24606983,702832,13025,471176,2.93,2.24,192
2020-12-12,71879858,1609464,46538602,23731792,634153,10540,1498804,4.99,2.24,192
2020-12-13,72410059,1616921,46928886,23864252,530201,7457,390284,5.5,2.23,192
2020-12-14,72933933,1626096,40932277,30375560,523874,9175,-5996609,-2.77,2.23,192
2020-12-15,73570426,1640030,41283854,30646542,636493,13934,351577,-2.26,2.23,192
2020-12-16,74303100,1653743,41640113,31009244,732708,13713,356259,-1.76,2.23,192
2020-12-17,75041733,1667155,42008988,31365590,738633,13412,368875,-1.25,2.22,192
2020-12-18,75761114,1679916,42319216,31761982,719381,12761,310228,-0.83,2.22,192
2020-12-19,76372594,1690683,42664746,32017165,611480,10767,345530,-0.37,2.21,192
2020-12-20,76905598,1698592,42936253,32270753,533004,7909,271507,-0.02,2.21,192
2020-12-21,77454227,1708256,43271947,32474024,548629,9664,335694,0.42,2.21,192
2020-12-22,78103380,1722562,43626873,32753945,649153,14306,354926,0.87,2.21,192
2020-12-23,78797459,1736362,43944263,33116834,694079,13800,317390,1.26,2.2,192
2020-12-24,79464365,1747994,44254753,33461618,666906,11632,310490,1.64,2.2,192
2020-12-25,79929494,1756567,44545597,33627330,465129,8573,290844,2.0,2.2,192
2020-12-26,80441968,1763959,44951782,33726227,512474,7392,406185,2.49,2.19,192
2020-12-27,80879838,1771360,45233647,33874831,437870,7401,281865,2.82,2.19,192
2020-12-28,81375961,1781113,45519897,34074951,496123,9753,286250,3.16,2.19,192
2020-12-29,82038435,1796274,45862931,34379230,662474,15161,343034,3.55,2.19,192
2020-12-30,82798666,1811532,46243693,34743441,760231,15258,380762,3.98,2.19,192
2020-12-31,83521859,1824666,46515307,35181886,723193,13134,271614,4.27,2.18,192
2021-01-01,84054370,1834327,46794799,35425244,532511,9661,279492,4.57,2.18,192
2021-01-02,84679917,1842750,47092967,35744200,625547,8423,298168,4.89,2.18,192
2021-01-03,85212884,1850081,47348204,36014599,532967,7331,255237,5.16,2.17,192
2021-01-04,85766126,1860229,47625622,36280275,553242,10148,277418,5.45,2.17,192
2021-01-05,86504791,1875537,47934538,36694716,738665,15308,308916,5.76,2.17,192
2021-01-06,87286422,1890582,48240080,37155760,781631,15045,305542,6.06,2.17,192
2021-01-07,88166327,1905492,48556598,37704237,879906,14910,316518,6.36,2.16,192
2021-01-08,88966439,1920633,48845836,38199970,800112,15141,289238,6.63,2.16,192
2021-01-09,89729075,1933418,49169364,38626293,762636,12785,323528,6.93,2.15,192
2021-01-10,90318122,1941752,49433368,38943002,589047,8334,264004,7.18,2.15,192
2021-01-11,90936928,1952060,49713396,39271472,618806,10308,280028,7.44,2.15,192
2021-01-12,91641834,1969154,50048646,39624034,704906,17094,335250,7.75,2.15,192
2021-01-13,92389297,1985847,50406199,39997251,747463,16693,357553,8.07,2.15,192
2021-01-14,93144039,2001193,50770282,40372564,754742,15346,364083,8.4,2.15,192
2021-01-15,93909129,2016293,51082240,40810596,765090,15100,311958,8.66,2.15,192
2021-01-16,94547911,2029556,51392708,41125647,638782,13263,310468,8.93,2.15,192
2021-01-17,95076127,2038180,51701092,41336855,528216,8624,308384,9.2,2.14,192
2021-01-18,95591185,2047572,52011800,41531813,515058,9392,310708,9.48,2.14,192
2021-01-19,96198228,2064142,52406833,41727253,607043,16570,395033,9.83,2.15,192
2021-01-20,96890121,2082033,52726329,42081759,691893,17891,319496,10.09,2.15,192
2021-01-21,97546178,2098788,53085094,42362296,656057,16755,358765,10.39,2.15,193
2021-01-22,98204479,2114777,53459460,42630242,658301,15989,374366,10.7,2.15,193
2021-01-23,98772015,2128050,53771354,42872611,567536,13273,311894,10.96,2.15,193
2021-01-24,99217695,2137002,54074259,43006434,445680,8952,302905,11.21,2.15,193
2021-01-25,99714128,2147753,54381451,43184924,496433,10751,307192,11.46,2.15,193
2021-01-26,100269237,2165073,54703346,43400818,555109,17320,321895,11.72,2.16,193
2021-01-27,100866518,2181728,55037276,43647514,597281,16655,333930,11.98,2.16,193
2021-01-28,101480537,2198750,55347366,43934421,614019,17022,310090,12.22,2.17,193
2021-01-29,102070241,2213663,55704852,44151726,589706,14913,357486,12.5,2.17,193
2021-01-30,102585112,2227221,56050392,44307499,514871,13558,345540,12.77,2.17,193
2021-01-31,102967345,2235185,56334720,44397440,382233,7964,284328,13.0,2.17,193
2021-02-01,103413233,2245371,56599248,44568614,445888,10186,264528,13.2,2.17,193
2021-02-02,103870440,2260233,56944948,44665259,457207,14862,345700,13.47,2.18,193
2021-02-03,104392192,2275922,57269928,44846342,521752,15689,324980,13.72,2.18,193
2021-02-04,104858367,2288447,57560084,45009836,466175,12525,290156,13.93,2.18,193
2021-02-05,105392905,2304940,57844419,45243546,534538,16493,284335,14.13,2.19,193
2021-02-06,105764933,2315024,58135043,45314866,372028,10084,290624,14.36,2.19,193
2021-02-07,106162758,2322930,58428707,45411121,397825,7906,293664,14.58,2.19,193
2021-02-08,106478448,2331239,58621482,45525727,315691,8309,192775,14.72,2.19,193
2021-02-09,106905813,2346764,58988441,45570608,427365,15525,366959,15.0,2.2,193
2021-02-10,107340958,2360169,59253194,45727595,435145,13405,264753,15.19,2.2,193
2021-02-11,107781878,2373607,59523967,45884304,440920,13438,270773,15.38,2.2,193
2021-02-12,108210949,2386055,59807385,46017509,429071,12448,283418,15.58,2.21,193
2021-02-13,108583902,2395838,60051215,46136849,372953,9783,243830,15.75,2.21,193
2021-02-14,108877486,2402155,60243424,46231907,293584,6317,192209,15.88,2.21,193
2021-02-15,109160854,2409024,60528967,46222863,283368,6869,285543,16.1,2.21,193
2021-02-16,109511448,2419911,60756538,46334999,350594,10887,227571,16.26,2.21,193
2021-02-17,109906540,2431231,61046445,46428864,395092,11320,289907,16.47,2.21,193
2021-02-18,110309750,2442541,61278418,46588791,403210,11310,231973,16.62,2.21,193
2021-02-19,110722085,2453585,61509038,46759462,412335,11044,230620,16.76,2.22,193
2021-02-20,111092247,2462064,61774642,46855541,370162,8479,265604,16.95,2.22,193
2021-02-21,111406337,2467895,61988797,46949645,314090,5831,214155,17.09,2.22,193
2021-02-22,111694776,2474798,62166765,47053213,288439,6903,177968,17.21,2.22,193
2021-02-23,112082814,2485958,62440213,47156643,388038,11160,273448,17.39,2.22,193
2021-02-24,112527289,2497933,62646194,47383162,444475,11975,205981,17.5,2.22,193
2021-02-25,112974358,2507990,62869876,47596492,447069,10057,223682,17.63,2.22,193
2021-02-26,113417277,2518263,63125914,47773100,442919,10273,256038,17.79,2.22,193
2021-02-27,113806009,2526376,63373182,47906451,388732,8113,247268,17.95,2.22,193
2021-02-28,114109186,2531755,63545475,48031956,303177,5379,172293,18.05,2.22,193
2021-03-01,114415400,2538961,63756170,48120269,306214,7206,210695,18.19,2.22,193
2021-03-02,114725863,2549372,64021883,48154608,384810,10411,265713,18.37,2.22,193
2021-03-03,115166644,2560422,64246888,48359334,440781,11050,225005,18.49,2.22,193
2021-03-04,115619554,2570176,64494013,48555365,452910,9754,247125,-18.51,2.22,193
2021-03-05,116066168,2580166,64715891,48770111,446614,9990,221878,-18.25,2.22,193
2021-03-06,116476413,2587977,64949036,48939400,410245,7811,233145,-17.99,2.22,193
2021-03-07,116844471,2593224,65185056,49066191,368058,5247,236020,-17.73,2.22,193
2021-03-08,117148248,2600063,65455283,49092902,303777,6839,270227,-17.45,2.22,193
